nombre,numero,email
Vaughan West,47,odio.tristique@eumetus.co.uk
Tucker Cooley,40,felis.nulla.tempor@elit.net
Alvin Cote,75,vitae.sodales@arcununc.org
Edward English,91,luctus.ipsum@nislnulla.com
Ryder Blanchard,24,integer.in@metusvivamus.ca
Ali Pearson,58,molestie@mattis.com
Oliver Sargent,38,etiam.ligula@enim.co.uk
Kelly Valentine,71,purus.ac.tellus@musproin.net
Keaton Bender,54,est.nunc@purusin.com
Lamar Franks,48,pretium.aliquet@loremsit.co.uk
Micah Jefferson,87,lacus.pede@nisimagna.net
Holmes Bryan,43,a.sollicitudin.orci@nuncnulla.org
Amir Osborn,27,et.commodo@nunclectus.org
Colin Bird,88,quisque@sednec.net
Clayton Harrison,27,id@inlobortis.edu
Edward England,37,at.augue@aliquamnisl.org
Stephen Kennedy,36,nunc.ut.erat@mauris.ca
Gannon Padilla,86,mauris.quis@a.ca
Kennan Blair,24,arcu@phaselluslibero.co.uk
Kennedy Bradford,100,amet.ante@sedhendrerit.com
